-- phpMyAdmin SQL Dump
-- version 4.5.1
-- http://www.phpmyadmin.net
--
-- Host: 127.0.0.1
-- Generation Time: Mar 26, 2019 at 12:17 PM
-- Server version: 10.1.13-MariaDB
-- PHP Version: 5.6.23

SET SQL_MODE = "NO_AUTO_VALUE_ON_ZERO";
SET time_zone = "+00:00";


/*!40101 SET @OLD_CHARACTER_SET_CLIENT=@@CHARACTER_SET_CLIENT */;
/*!40101 SET @OLD_CHARACTER_SET_RESULTS=@@CHARACTER_SET_RESULTS */;
/*!40101 SET @OLD_COLLATION_CONNECTION=@@COLLATION_CONNECTION */;
/*!40101 SET NAMES utf8mb4 */;

--
-- Database: `toko_jaya_abadi`
--
CREATE DATABASE IF NOT EXISTS `toko_jaya_abadi` DEFAULT CHARACTER SET latin1 COLLATE latin1_swedish_ci;
USE `toko_jaya_abadi`;

-- --------------------------------------------------------

--
-- Table structure for table `barang`
--

CREATE TABLE `barang` (
  `kode_barang` varchar(5) NOT NULL,
  `nama_barang` varchar(150) NOT NULL,
  `harga_barang` float NOT NULL,
  `kode_jenis` varchar(5) NOT NULL,
  `flag` int(11) NOT NULL,
  `stok` int(11) NOT NULL
) ENGINE=InnoDB DEFAULT CHARSET=latin1;

--
-- Dumping data for table `barang`
--

INSERT INTO `barang` (`kode_barang`, `nama_barang`, `harga_barang`, `kode_jenis`, `flag`, `stok`) VALUES
('AS09', 'PENSIL', 6000, 'GH03', 1, 0),
('BR003', 'PC', 500000, 'GH01', 1, 1),
('BR004', 'Pulpen', 100000, 'GH03', 1, 3);

-- --------------------------------------------------------

--
-- Table structure for table `jabatan`
--

CREATE TABLE `jabatan` (
  `kode_jabatan` varchar(5) NOT NULL,
  `nama_jabatan` varchar(50) NOT NULL,
  `keterangan` text NOT NULL,
  `flag` int(11) NOT NULL
) ENGINE=InnoDB DEFAULT CHARSET=latin1;

--
-- Dumping data for table `jabatan`
--

INSERT INTO `jabatan` (`kode_jabatan`, `nama_jabatan`, `keterangan`, `flag`) VALUES
('BR001', 'Manager Pasar', 'Operasional', 1),
('BR002', 'Durektur', 'Operasional', 1),
('BR003', 'Marketing', 'Operasional', 1);

-- --------------------------------------------------------

--
-- Table structure for table `jenis_barang`
--

CREATE TABLE `jenis_barang` (
  `kode_jenis` varchar(5) NOT NULL,
  `nama_jenis` varchar(100) NOT NULL,
  `flag` int(11) NOT NULL
) ENGINE=InnoDB DEFAULT CHARSET=latin1;

--
-- Dumping data for table `jenis_barang`
--

INSERT INTO `jenis_barang` (`kode_jenis`, `nama_jenis`, `flag`) VALUES
('', 'Alat Tulis kantor', 1),
('GH01', 'Alat Tulis tulis', 1),
('GH02', 'Perangkat lunak', 1),
('GH03', 'Alat Tulis kantor', 1),
('SD09', 'Alat  cukur', 1),
('SD08', 'Alat  cukur', 1);

-- --------------------------------------------------------

--
-- Table structure for table `karyawan`
--

CREATE TABLE `karyawan` (
  `nik` varchar(10) NOT NULL,
  `nama_lengkap` varchar(150) NOT NULL,
  `tempat_lahir` varchar(100) NOT NULL,
  `tgl_lahir` date NOT NULL,
  `jenis_kelamin` varchar(1) NOT NULL,
  `alamat` text NOT NULL,
  `telp` varchar(15) NOT NULL,
  `kode_jabatan` varchar(5) NOT NULL,
  `flag` int(11) NOT NULL
) ENGINE=InnoDB DEFAULT CHARSET=latin1;

--
-- Dumping data for table `karyawan`
--

INSERT INTO `karyawan` (`nik`, `nama_lengkap`, `tempat_lahir`, `tgl_lahir`, `jenis_kelamin`, `alamat`, `telp`, `kode_jabatan`, `flag`) VALUES
('1704421300', 'Anne marrie', 'Surabaya', '1997-02-18', 'L', 'Jl.Cempaka No.100', '08234567808', 'BR002', 1),
('1704421311', 'yogi prasetyo', 'Surabaya', '2000-06-15', 'L', 'Jl.Swadaya No. 11', '08948444494', 'BR001', 1),
('1704421312', 'Clara putri', 'Jakarta', '2000-03-16', 'L', 'Jl.Warakas 3', '08234567953', 'BR003', 1),
('1704421313', 'Dani saputra', 'Bandung', '2000-02-15', 'L', 'Jl.Muara No. 16', '095823058324', 'BR001', 1);

-- --------------------------------------------------------

--
-- Table structure for table `pembelian_detail`
--

CREATE TABLE `pembelian_detail` (
  `id_pembelian_d` int(11) NOT NULL,
  `id_pembelian_h` int(11) NOT NULL,
  `kode_barang` varchar(11) NOT NULL,
  `qty` int(11) NOT NULL,
  `harga` float NOT NULL,
  `jumlah` float NOT NULL,
  `flag` int(11) NOT NULL
) ENGINE=InnoDB DEFAULT CHARSET=latin1;

--
-- Dumping data for table `pembelian_detail`
--

INSERT INTO `pembelian_detail` (`id_pembelian_d`, `id_pembelian_h`, `kode_barang`, `qty`, `harga`, `jumlah`, `flag`) VALUES
(18, 20, 'BR002', 2, 5000000, 10000000, 1),
(20, 21, 'BR001', 2, 12000000, 24000000, 1),
(21, 21, 'BR003', 3, 15000000, 45000000, 1),
(22, 21, 'BR003', 6, 80000, 480000, 1),
(23, 21, 'BR004', 4, 80000, 320000, 1);

-- --------------------------------------------------------

--
-- Table structure for table `pembelian_header`
--

CREATE TABLE `pembelian_header` (
  `id_pembelian_h` int(11) NOT NULL,
  `no_transaksi` int(11) NOT NULL,
  `kode_supplier` varchar(5) NOT NULL,
  `tanggal` date NOT NULL,
  `approved` int(11) NOT NULL,
  `flag` int(11) NOT NULL
) ENGINE=InnoDB DEFAULT CHARSET=latin1;

--
-- Dumping data for table `pembelian_header`
--

INSERT INTO `pembelian_header` (`id_pembelian_h`, `no_transaksi`, `kode_supplier`, `tanggal`, `approved`, `flag`) VALUES
(21, 19002, 'PG002', '2019-03-23', 1, 1),
(22, 19003, 'PG003', '2019-03-23', 1, 1),
(23, 19004, 'PG002', '2019-03-23', 1, 1),
(26, 19005, 'PG001', '2019-03-23', 1, 1),
(27, 19006, 'PG002', '2019-03-23', 1, 1),
(28, 19007, 'PG002', '2019-03-24', 1, 1),
(32, 3838, 'PG001', '2019-03-26', 1, 1);

-- --------------------------------------------------------

--
-- Table structure for table `penjualan_detail`
--

CREATE TABLE `penjualan_detail` (
  `id_jual_d` int(11) NOT NULL,
  `id_jual_h` int(11) NOT NULL,
  `kode_barang` varchar(11) NOT NULL,
  `qty` int(11) NOT NULL,
  `harga` float NOT NULL,
  `jumlah` float NOT NULL,
  `flag` int(11) NOT NULL
) ENGINE=InnoDB DEFAULT CHARSET=latin1;

-- --------------------------------------------------------

--
-- Table structure for table `penjualan_header`
--

CREATE TABLE `penjualan_header` (
  `id_jual_h` int(11) NOT NULL,
  `no_transaksi` int(11) NOT NULL,
  `tanggal` date NOT NULL,
  `approved` int(11) NOT NULL,
  `flag` int(11) NOT NULL
) ENGINE=InnoDB DEFAULT CHARSET=latin1;

-- --------------------------------------------------------

--
-- Table structure for table `supplier`
--

CREATE TABLE `supplier` (
  `kode_supplier` varchar(5) NOT NULL,
  `nama_supplier` varchar(100) NOT NULL,
  `alamat` text NOT NULL,
  `telp` varchar(15) NOT NULL,
  `flag` int(11) NOT NULL
) ENGINE=InnoDB DEFAULT CHARSET=latin1;

--
-- Dumping data for table `supplier`
--

INSERT INTO `supplier` (`kode_supplier`, `nama_supplier`, `alamat`, `telp`, `flag`) VALUES
('PG001', 'RAIS', 'Jl.sungai bambu', '0218838383', 1),
('PG002', 'Furkan', 'Jl.Plumpang No 17', '089922223333', 1),
('PG003', 'Ahmad', 'Jl.Rawabadak Timur No.17', '089621650023', 1);

-- --------------------------------------------------------

--
-- Table structure for table `user`
--

CREATE TABLE `user` (
  `id_user` int(11) NOT NULL,
  `nik` varchar(10) NOT NULL,
  `email` varchar(100) NOT NULL,
  `password` varchar(32) NOT NULL,
  `tipe` int(11) NOT NULL,
  `flag` int(11) NOT NULL
) ENGINE=InnoDB DEFAULT CHARSET=latin1;

--
-- Dumping data for table `user`
--

INSERT INTO `user` (`id_user`, `nik`, `email`, `password`, `tipe`, `flag`) VALUES
(1, 'Admin', 'muhrinhajrin02@gmail.com', 'c93ccd78b2076528346216b3b2f701e6', 1, 1),
(2, '1704421300', 'rinhajrin0@gmail.com', 'cc63027830c1a0db0c6d6b69e91dde3b', 2, 1);

--
-- Indexes for dumped tables
--

--
-- Indexes for table `barang`
--
ALTER TABLE `barang`
  ADD PRIMARY KEY (`kode_barang`);

--
-- Indexes for table `jabatan`
--
ALTER TABLE `jabatan`
  ADD PRIMARY KEY (`kode_jabatan`);

--
-- Indexes for table `karyawan`
--
ALTER TABLE `karyawan`
  ADD PRIMARY KEY (`nik`);

--
-- Indexes for table `pembelian_detail`
--
ALTER TABLE `pembelian_detail`
  ADD PRIMARY KEY (`id_pembelian_d`);

--
-- Indexes for table `pembelian_header`
--
ALTER TABLE `pembelian_header`
  ADD PRIMARY KEY (`id_pembelian_h`);

--
-- Indexes for table `penjualan_detail`
--
ALTER TABLE `penjualan_detail`
  ADD PRIMARY KEY (`id_jual_d`);

--
-- Indexes for table `penjualan_header`
--
ALTER TABLE `penjualan_header`
  ADD PRIMARY KEY (`id_jual_h`);

--
-- Indexes for table `supplier`
--
ALTER TABLE `supplier`
  ADD PRIMARY KEY (`kode_supplier`);

--
-- Indexes for table `user`
--
ALTER TABLE `user`
  ADD PRIMARY KEY (`id_user`);

--
-- AUTO_INCREMENT for dumped tables
--

--
-- AUTO_INCREMENT for table `pembelian_detail`
--
ALTER TABLE `pembelian_detail`
  MODIFY `id_pembelian_d` int(11) NOT NULL AUTO_INCREMENT, AUTO_INCREMENT=24;
--
-- AUTO_INCREMENT for table `pembelian_header`
--
ALTER TABLE `pembelian_header`
  MODIFY `id_pembelian_h` int(11) NOT NULL AUTO_INCREMENT, AUTO_INCREMENT=33;
--
-- AUTO_INCREMENT for table `penjualan_detail`
--
ALTER TABLE `penjualan_detail`
  MODIFY `id_jual_d` int(11) NOT NULL AUTO_INCREMENT;
--
-- AUTO_INCREMENT for table `user`
--
ALTER TABLE `user`
  MODIFY `id_user` int(11) NOT NULL AUTO_INCREMENT, AUTO_INCREMENT=3;
/*!40101 SET CHARACTER_SET_CLIENT=@OLD_CHARACTER_SET_CLIENT */;
/*!40101 SET CHARACTER_SET_RESULTS=@OLD_CHARACTER_SET_RESULTS */;
/*!40101 SET COLLATION_CONNECTION=@OLD_COLLATION_CONNECTION */;
